path,bytes
.gitignore,204
CHANGELOG.md,543
CITATION.cff,537
LICENSE,1073
NOTICE.md,1457
README.md,8008
VALIDATION.json,1251
assets/dashboard-preview.png,138978
docs/API_INTEGRATION.md,4544
docs/DASHBOARD_GUIDE.md,2332
docs/DATA_DICTIONARY.md,3970
docs/DATA_MODEL.md,3104
docs/DAX_MEASURES.md,6102
docs/POWER_QUERY.md,7338
docs/REFRESH_GUIDE.md,2002
docs/TROUBLESHOOTING.md,2111
powerbi/SEAWeatherIntelligence.pbix,187988
src/README.md,966
src/SEAWeatherIntelligence.Report/.platform,306
src/SEAWeatherIntelligence.Report/StaticResources/SharedResources/BaseThemes/CY26SU05.json,20403
src/SEAWeatherIntelligence.Report/StaticResources/SharedResources/BuiltInThemes/AccessibleDefault.json,431
src/SEAWeatherIntelligence.Report/definition/pages/a1b2c3d4e5f60718293a/page.json,820
src/SEAWeatherIntelligence.Report/definition/pages/a1b2c3d4e5f60718293a/visuals/04f9c262b3b11debe796/visual.json,6491
src/SEAWeatherIntelligence.Report/definition/pages/a1b2c3d4e5f60718293a/visuals/0554b1b48291f75ad377/visual.json,6113
src/SEAWeatherIntelligence.Report/definition/pages/a1b2c3d4e5f60718293a/visuals/05a68a491c93d84dcd0f/visual.json,6111
src/SEAWeatherIntelligence.Report/definition/pages/a1b2c3d4e5f60718293a/visuals/0e0d5299d2e6d8b6b654/visual.json,5170
src/SEAWeatherIntelligence.Report/definition/pages/a1b2c3d4e5f60718293a/visuals/25c13a3ddfaa54364353/visual.json,5261
src/SEAWeatherIntelligence.Report/definition/pages/a1b2c3d4e5f60718293a/visuals/2f6b83da3620ca58f961/visual.json,6110
src/SEAWeatherIntelligence.Report/definition/pages/a1b2c3d4e5f60718293a/visuals/389b1505e32598ada4de/visual.json,2881
src/SEAWeatherIntelligence.Report/definition/pages/a1b2c3d4e5f60718293a/visuals/3a4644ca0a98b7b76ced/visual.json,2707
src/SEAWeatherIntelligence.Report/definition/pages/a1b2c3d4e5f60718293a/visuals/3f52523134e4246d124c/visual.json,2818
src/SEAWeatherIntelligence.Report/definition/pages/a1b2c3d4e5f60718293a/visuals/4306c2654e8d334b715a/visual.json,6494
src/SEAWeatherIntelligence.Report/definition/pages/a1b2c3d4e5f60718293a/visuals/43f466f6acfaa53be719/visual.json,5510
src/SEAWeatherIntelligence.Report/definition/pages/a1b2c3d4e5f60718293a/visuals/4caa7799713fca166628/visual.json,5250
src/SEAWeatherIntelligence.Report/definition/pages/a1b2c3d4e5f60718293a/visuals/520a4faad5828e84f934/visual.json,6938
src/SEAWeatherIntelligence.Report/definition/pages/a1b2c3d4e5f60718293a/visuals/52b67014078d17755a13/visual.json,5228
src/SEAWeatherIntelligence.Report/definition/pages/a1b2c3d4e5f60718293a/visuals/5b51e741eeb015bdadfe/visual.json,3632
src/SEAWeatherIntelligence.Report/definition/pages/a1b2c3d4e5f60718293a/visuals/611673d96e4840f1bd81/visual.json,6487
src/SEAWeatherIntelligence.Report/definition/pages/a1b2c3d4e5f60718293a/visuals/640b4d38890d459eae05/visual.json,2821
src/SEAWeatherIntelligence.Report/definition/pages/a1b2c3d4e5f60718293a/visuals/855f439f10f8ed2f128d/visual.json,2706
src/SEAWeatherIntelligence.Report/definition/pages/a1b2c3d4e5f60718293a/visuals/9ccc2c6eb6bdd0739ceb/visual.json,6106
src/SEAWeatherIntelligence.Report/definition/pages/a1b2c3d4e5f60718293a/visuals/a022d571968cc436631e/visual.json,5261
src/SEAWeatherIntelligence.Report/definition/pages/a1b2c3d4e5f60718293a/visuals/a4df8bff88b0e84184c5/visual.json,6493
src/SEAWeatherIntelligence.Report/definition/pages/a1b2c3d4e5f60718293a/visuals/a61fa9fb642eef8f7ef7/visual.json,5253
src/SEAWeatherIntelligence.Report/definition/pages/a1b2c3d4e5f60718293a/visuals/acb6ef96a01d79e71662/visual.json,2822
src/SEAWeatherIntelligence.Report/definition/pages/a1b2c3d4e5f60718293a/visuals/b31799a6ec8177cd87f8/visual.json,3756
src/SEAWeatherIntelligence.Report/definition/pages/a1b2c3d4e5f60718293a/visuals/c921a8ba16bedd4d027c/visual.json,2817
src/SEAWeatherIntelligence.Report/definition/pages/a1b2c3d4e5f60718293a/visuals/cb531246df82e713dbbe/visual.json,2708
src/SEAWeatherIntelligence.Report/definition/pages/a1b2c3d4e5f60718293a/visuals/cc03320df03f2ef6711d/visual.json,2821
src/SEAWeatherIntelligence.Report/definition/pages/a1b2c3d4e5f60718293a/visuals/cc95ca7c1948908da193/visual.json,5271
src/SEAWeatherIntelligence.Report/definition/pages/a1b2c3d4e5f60718293a/visuals/ce369bd6d298df8baf78/visual.json,5258
src/SEAWeatherIntelligence.Report/definition/pages/a1b2c3d4e5f60718293a/visuals/cf4920e07c40b322d1b1/visual.json,2707
src/SEAWeatherIntelligence.Report/definition/pages/a1b2c3d4e5f60718293a/visuals/d5c937237ae8aaccf652/visual.json,2708
src/SEAWeatherIntelligence.Report/definition/pages/a1b2c3d4e5f60718293a/visuals/d7a319cc5d90eb5665ed/visual.json,2821
src/SEAWeatherIntelligence.Report/definition/pages/a1b2c3d4e5f60718293a/visuals/e10ff0840368d395543c/visual.json,6047
src/SEAWeatherIntelligence.Report/definition/pages/a1b2c3d4e5f60718293a/visuals/e3d99528f27c322cb1e5/visual.json,6654
src/SEAWeatherIntelligence.Report/definition/pages/a1b2c3d4e5f60718293a/visuals/edb06cf53cf5a54a887d/visual.json,3763
src/SEAWeatherIntelligence.Report/definition/pages/a1b2c3d4e5f60718293a/visuals/f0ce17677bad82ead923/visual.json,2708
src/SEAWeatherIntelligence.Report/definition/pages/a1b2c3d4e5f60718293a/visuals/f1349659d65e3384e945/visual.json,4495
src/SEAWeatherIntelligence.Report/definition/pages/a1b2c3d4e5f60718293a/visuals/f5318c229d717b267edb/visual.json,5225
src/SEAWeatherIntelligence.Report/definition/pages/a1b2c3d4e5f60718293a/visuals/f76cc6589ffefaec9444/visual.json,6776
src/SEAWeatherIntelligence.Report/definition/pages/a1b2c3d4e5f60718293a/visuals/f807d1621f97db9b006c/visual.json,2820
src/SEAWeatherIntelligence.Report/definition/pages/a1b2c3d4e5f60718293a/visuals/faac2e790876cdf99691/visual.json,5200
src/SEAWeatherIntelligence.Report/definition/pages/a1b2c3d4e5f60718293a/visuals/fc75a3fe40a5a7c4c8d2/visual.json,4497
src/SEAWeatherIntelligence.Report/definition/pages/pages.json,224
src/SEAWeatherIntelligence.Report/definition/report.json,1831
src/SEAWeatherIntelligence.Report/definition/version.json,152
src/SEAWeatherIntelligence.Report/definition.pbir,248
src/SEAWeatherIntelligence.SemanticModel/.platform,313
src/SEAWeatherIntelligence.SemanticModel/definition/database.tmdl,59
src/SEAWeatherIntelligence.SemanticModel/definition/expressions.tmdl,5131
src/SEAWeatherIntelligence.SemanticModel/definition/model.tmdl,316
src/SEAWeatherIntelligence.SemanticModel/definition/relationships.tmdl,343
src/SEAWeatherIntelligence.SemanticModel/definition/tables/AirQuality.tmdl,2314
src/SEAWeatherIntelligence.SemanticModel/definition/tables/CurrentWeather.tmdl,3213
src/SEAWeatherIntelligence.SemanticModel/definition/tables/DailyForecast.tmdl,2705
src/SEAWeatherIntelligence.SemanticModel/definition/tables/Locations.tmdl,528
src/SEAWeatherIntelligence.SemanticModel/definition/tables/_Measures.tmdl,3958
src/SEAWeatherIntelligence.SemanticModel/definition.pbism,166
src/SEAWeatherIntelligence.pbip,288
